{
  "var": [
    6.873272876030457e-08, 
    6.507333390440459e-08, 
    6.207786054760451e-08, 
    6.020220857755743e-08, 
    5.647415471489889e-08, 
    5.37830565451008e-08, 
    5.093325048894527e-08, 
    4.913526250460027e-08, 
    4.780709258993623e-08, 
    4.5672954781246333e-08, 
    4.507249121560141e-08, 
    4.188227252005791e-08, 
    4.140480622475306e-08, 
    4.0266831296084e-08, 
    3.7768999115814215e-08, 
    3.593629672889887e-08, 
    3.736463922508009e-08, 
    3.4317573667906055e-08, 
    3.254274219119801e-08, 
    3.121769478020052e-08, 
    3.164246929153322e-08, 
    3.158325866955445e-08, 
    2.8471322553260283e-08, 
    2.867755762938676e-08, 
    2.8177440479285738e-08, 
    2.5980093502295817e-08, 
    2.554793712875716e-08, 
    2.3809715216619502e-08, 
    2.481431516110387e-08, 
    2.273112863611697e-08, 
    2.11628493560416e-08, 
    2.2535396190904438e-08, 
    2.196023827305708e-08, 
    2.006215436056596e-08, 
    2.0266719764260582e-08, 
    2.09536208108055e-08, 
    1.9943423152721626e-08, 
    1.7926415831689003e-08, 
    1.898412601421933e-08, 
    1.7608448604103824e-08, 
    1.7050771151983236e-08, 
    1.671533272515268e-08, 
    1.5875954545484944e-08, 
    1.6120087738473617e-08, 
    1.6149221859710988e-08, 
    1.602712237300243e-08, 
    1.4970901216012503e-08, 
    1.4676439751580998e-08, 
    1.4032342662669357e-08, 
    1.439794306651073e-08, 
    1.339434744214845e-08, 
    1.418220213218067e-08, 
    1.445755423644124e-08, 
    1.3563383254777302e-08, 
    1.3084911366009126e-08, 
    1.2292395628421098e-08, 
    1.2789487139224835e-08, 
    1.1971836161965615e-08, 
    1.1402819997992616e-08, 
    1.1941486358796731e-08, 
    1.1373741306494632e-08, 
    1.1724078339456495e-08, 
    1.115158057848535e-08, 
    1.0946521077368565e-08, 
    1.1176520267723693e-08, 
    1.1044055711158495e-08, 
    9.734461283796334e-09, 
    9.825733444583464e-09, 
    1.0195355678225328e-08, 
    9.78438545856411e-09, 
    9.85222449572814e-09, 
    1.0113575874820143e-08, 
    9.495086212766447e-09, 
    8.753919652407877e-09, 
    9.718399082977379e-09, 
    8.54362846077884e-09, 
    8.743700627014563e-09, 
    8.497384994197384e-09, 
    8.534762171392634e-09, 
    8.314177893057905e-09, 
    8.285407459008865e-09
  ], 
  "signal": [
    0.01778427739826161, 
    0.01684472794413756, 
    0.016057401101138045, 
    0.015570687219940076, 
    0.014601437143096758, 
    0.013906274078990533, 
    0.01316125903828451, 
    0.012682713319458897, 
    0.012330066681220869, 
    0.011768264568693038, 
    0.011602748731812405, 
    0.010774597259557515, 
    0.01064826191841116, 
    0.01035510131819494, 
    0.009716206165087603, 
    0.009241430541963027, 
    0.009607041982233248, 
    0.008830756903970385, 
    0.008378258625404932, 
    0.008034994642595604, 
    0.008143823082793121, 
    0.008129203181723587, 
    0.007343632444914846, 
    0.007399095487440318, 
    0.007276123012333528, 
    0.006721954206561883, 
    0.006616416948606412, 
    0.0061755553256467146, 
    0.006439657713880965, 
    0.005902980246535487, 
    0.005503667770579822, 
    0.005857234111729493, 
    0.00571062788447935, 
    0.005219551327396406, 
    0.005270770460639303, 
    0.005447952505001587, 
    0.00517987811884753, 
    0.004657745291837141, 
    0.004925094933067393, 
    0.004563498855378186, 
    0.004411860402477972, 
    0.004316555750055909, 
    0.004092504104931714, 
    0.004146911945741296, 
    0.004145935273147627, 
    0.004107945136285042, 
    0.00383101846012504, 
    0.003746099952381324, 
    0.003574771828539914, 
    0.0036586083925406613, 
    0.003395616734546255, 
    0.0035842137033181933, 
    0.0036451966409800436, 
    0.0034122562857267355, 
    0.003284074049069522, 
    0.003078275661645275, 
    0.0031950291083933523, 
    0.0029833523111454305, 
    0.0028355039459121312, 
    0.002965103979697959, 
    0.0028183633005223465, 
    0.0028996208660734806, 
    0.0027531611495970752, 
    0.002699502737853555, 
    0.0027493421954116653, 
    0.002712011785776655, 
    0.0023869067119090923, 
    0.0024046176140880096, 
    0.0024912277206704824, 
    0.002388017919696542, 
    0.0023998093092785617, 
    0.0024591065736193677, 
    0.002304983950845612, 
    0.0021227663698314457, 
    0.0023549658077079844, 
    0.002069580123425257, 
    0.0021167411788953006, 
    0.0020554308605659545, 
    0.0020639094514346553, 
    0.0020106074737428555, 
    0.0020032264655620775
  ], 
  "detectorposition": [
    -20.0, 
    -19.0, 
    -18.0, 
    -17.0, 
    -16.0, 
    -15.0, 
    -14.0, 
    -13.0, 
    -12.0, 
    -11.0, 
    -10.0, 
    -9.0, 
    -8.0, 
    -7.0, 
    -6.0, 
    -5.0, 
    -4.0, 
    -3.0, 
    -2.0, 
    -1.0, 
    0.0, 
    1.0, 
    2.0, 
    3.0, 
    4.0, 
    5.0, 
    6.0, 
    7.0, 
    8.0, 
    9.0, 
    10.0, 
    11.0, 
    12.0, 
    13.0, 
    14.0, 
    15.0, 
    16.0, 
    17.0, 
    18.0, 
    19.0, 
    20.0, 
    21.0, 
    22.0, 
    23.0, 
    24.0, 
    25.0, 
    26.0, 
    27.0, 
    28.0, 
    29.0, 
    30.0, 
    31.0, 
    32.0, 
    33.0, 
    34.0, 
    35.0, 
    36.0, 
    37.0, 
    38.0, 
    39.0, 
    40.0, 
    41.0, 
    42.0, 
    43.0, 
    44.0, 
    45.0, 
    46.0, 
    47.0, 
    48.0, 
    49.0, 
    50.0, 
    51.0, 
    52.0, 
    53.0, 
    54.0, 
    55.0, 
    56.0, 
    57.0, 
    58.0, 
    59.0, 
    60.0
  ], 
  "positionunits": "mm"
}