{
  "detectorposition": [
    -144.0, 
    -143.0, 
    -142.0, 
    -141.0, 
    -140.0, 
    -139.0, 
    -138.0, 
    -137.0, 
    -136.0, 
    -135.0, 
    -134.0, 
    -133.0, 
    -132.0, 
    -131.0, 
    -130.0, 
    -129.0, 
    -128.0, 
    -127.0, 
    -126.0, 
    -125.0, 
    -124.0, 
    -123.0, 
    -122.0, 
    -121.0, 
    -120.0, 
    -119.0, 
    -118.0, 
    -117.0, 
    -116.0, 
    -115.0, 
    -114.0, 
    -113.0, 
    -112.0, 
    -111.0, 
    -110.0, 
    -109.0, 
    -108.0, 
    -107.0, 
    -106.0, 
    -105.0, 
    -104.0, 
    -103.0, 
    -102.0, 
    -101.0, 
    -100.0, 
    -99.0, 
    -98.0, 
    -97.0, 
    -96.0, 
    -95.0, 
    -94.0, 
    -93.0, 
    -92.0, 
    -91.0, 
    -90.0, 
    -89.0, 
    -88.0, 
    -87.0, 
    -86.0, 
    -85.0, 
    -84.0, 
    -83.0, 
    -82.0, 
    -81.0, 
    -80.0, 
    -79.0, 
    -78.0, 
    -77.0, 
    -76.0, 
    -75.0, 
    -74.0, 
    -73.0, 
    -72.0, 
    -71.0, 
    -70.0, 
    -69.0, 
    -68.0, 
    -67.0, 
    -66.0, 
    -65.0, 
    -64.0, 
    -63.0, 
    -62.0, 
    -61.0, 
    -60.0, 
    -59.0, 
    -58.0, 
    -57.0, 
    -56.0, 
    -55.0, 
    -54.0, 
    -53.0, 
    -52.0, 
    -51.0, 
    -50.0, 
    -49.0, 
    -48.0, 
    -47.0, 
    -46.0, 
    -45.0, 
    -44.0
  ], 
  "intensities": [
    0.00016730698221852308, 
    0.000164805814750545, 
    0.00016772856197628202, 
    0.00016486402101774183, 
    0.00015869534663542697, 
    0.00016933827693095782, 
    0.00019060350929248535, 
    0.00015739842230135995, 
    0.0001872495912835971, 
    0.0001928368485964304, 
    0.00018934442329123326, 
    0.00020010511592092475, 
    0.00019753349648966677, 
    0.0002093321315545771, 
    0.00021440119426652954, 
    0.0002400027853321315, 
    0.0002797209129498501, 
    0.00023632453296111713, 
    0.00023022488397673565, 
    0.0002663224562671667, 
    0.00022316576069058238, 
    0.00023855556579325342, 
    0.00022749259678528892, 
    0.00021425398610261202, 
    0.00023239220965352576, 
    0.00023012257914545225, 
    0.00025256960735232405, 
    0.0002522453481598578, 
    0.0003442951323389277, 
    0.00028044217290174023, 
    0.00025837354570443206, 
    0.0002583856358806527, 
    0.0002646464205265161, 
    0.0005016384559508768, 
    0.0002720665579129278, 
    0.000263074153685846, 
    0.0002729156882125191, 
    0.0002931557956026631, 
    0.00028666299629895927, 
    0.00029925272524351126, 
    0.00036111189712571395, 
    0.0002978584962437791, 
    0.00028251612061211043, 
    0.00031525502546968286, 
    0.0005423430944648111, 
    0.0003163545677558015, 
    0.00032736274846871766, 
    0.0003106047939205929, 
    0.00033852892651542937, 
    0.0003272397678716467, 
    0.000332311195743929, 
    0.0005326986232555218, 
    0.00033595346037610584, 
    0.0003641566179867442, 
    0.0003900601297644695, 
    0.0003451267350633675, 
    0.0003747798874404794, 
    0.00036444390556282784, 
    0.0003572643529948265, 
    0.0003769301521841521, 
    0.00040550316710596176, 
    0.00036586720533075763, 
    0.0003782271290247179, 
    0.00036684358829173157, 
    0.00037843005684028494, 
    0.0004021173870415345, 
    0.0003913135947016362, 
    0.0004031368095147361, 
    0.00040273155539786727, 
    0.00044789397499453437, 
    0.0004410258556811553, 
    0.00044742119210005644, 
    0.0004907914495185938, 
    0.00043274233706686694, 
    0.000445964388362462, 
    0.0004691087129376902, 
    0.00046803297873770493, 
    0.00046797617114525123, 
    0.0004906956103366632, 
    0.000494159203167152, 
    0.0004924986880676783, 
    0.0004914650486043897, 
    0.0004922459109283545, 
    0.0005348004118592061, 
    0.0005392534691754453, 
    0.0005358496289059098, 
    0.000582286044416126, 
    0.0005738037469518844, 
    0.0006016781859916554, 
    0.0005715789970005904, 
    0.0005739279124104016, 
    0.0006082303448417855, 
    0.0005943698334251483, 
    0.0006107080567136111, 
    0.0006272451985230258, 
    0.0006427868223915514, 
    0.0006378732785165366, 
    0.0007012517681629906, 
    0.0008690648583268892, 
    0.0009640709441338784, 
    0.000773329839667789
  ], 
  "positionunits": "mm"
}