{
  "detectorposition": [
    -48.0, 
    -47.0, 
    -46.0, 
    -45.0, 
    -44.0, 
    -43.0, 
    -42.0, 
    -41.0, 
    -40.0, 
    -39.0, 
    -38.0, 
    -37.0, 
    -36.0, 
    -35.0, 
    -34.0, 
    -33.0, 
    -32.0, 
    -31.0, 
    -30.0, 
    -29.0, 
    -28.0, 
    -27.0, 
    -26.0, 
    -25.0, 
    -24.0, 
    -23.0, 
    -22.0, 
    -21.0, 
    -20.0, 
    -19.0, 
    -18.0, 
    -17.0, 
    -16.0, 
    -15.0, 
    -14.0, 
    -13.0, 
    -12.0, 
    -11.0, 
    -10.0, 
    -9.0, 
    -8.0, 
    -7.0, 
    -6.0, 
    -5.0, 
    -4.0, 
    -3.0, 
    -2.0, 
    -1.0, 
    0.0, 
    1.0, 
    2.0, 
    3.0, 
    4.0, 
    5.0, 
    6.0, 
    7.0, 
    8.0, 
    9.0, 
    10.0, 
    11.0
  ], 
  "intensities": [
    0.012523432362053563, 
    0.011603274647218583, 
    0.011210325289278766, 
    0.010479570026944373, 
    0.00990598610753405, 
    0.009946586704337585, 
    0.009066808662100094, 
    0.00884104514341097, 
    0.007955241517177669, 
    0.008150377124163208, 
    0.007945393386890386, 
    0.0073912807477427385, 
    0.00695255110727704, 
    0.007119532293396794, 
    0.006364955110444959, 
    0.006280966722734919, 
    0.005833509480882811, 
    0.005896962452805131, 
    0.005614695659110853, 
    0.005393233011258676, 
    0.00518342442187952, 
    0.005045081964091922, 
    0.004916832626795572, 
    0.004847830265677084, 
    0.004735527049637479, 
    0.0045269145663348175, 
    0.004441922060437774, 
    0.004181155068744974, 
    0.003957959718581873, 
    0.004043766899731138, 
    0.003836973058028861, 
    0.003871514330348404, 
    0.0033367771403557274, 
    0.003583405335258163, 
    0.00328512886459429, 
    0.0033686045725653756, 
    0.003321844740786288, 
    0.003035474630053629, 
    0.0032279057042402352, 
    0.0029379838858407488, 
    0.0030540791758883563, 
    0.0030084482202387356, 
    0.0027639185385167804, 
    0.0025873877710910465, 
    0.0026951064458559616, 
    0.0024779266003631213, 
    0.0025570318795422975, 
    0.002508127497840484, 
    0.0023959143995734935, 
    0.0023405182586692733, 
    0.0022582759916124555, 
    0.0021138302227435286, 
    0.002292287227925448, 
    0.0020345931760541256, 
    0.0020381766941781425, 
    0.0020667931133649038, 
    0.0020780725667041027, 
    0.001989100665123906, 
    0.001973117365966473, 
    0.001736686525105099
  ], 
  "positionunits": "mm"
}